caseId,pseudopyF1,baselineF1,pseudopySuccess,baselineSuccess
algo_1,0.750,0.588,true,true
algo_2,0.429,0.500,true,true
algo_3,0.429,0.500,true,true
algo_4,0.333,0.462,true,true
algo_5,0.750,0.588,true,true
algo_6,0.333,0.462,true,true
algo_7,0.364,0.500,true,true
algo_8,0.364,0.500,true,true
algo_9,0.750,0.588,true,true
algo_10,0.429,0.455,true,true
algo_11,0.364,0.500,true,true
algo_12,0.429,0.455,true,true
algo_13,0.429,0.455,true,true
algo_14,0.333,0.462,true,true
algo_15,0.429,0.455,true,true
algo_16,0.364,0.500,true,true
algo_17,0.429,0.500,true,true
algo_18,0.750,0.588,true,true
algo_19,0.364,0.500,true,true
algo_20,0.429,0.500,true,true
algo_21,0.333,0.462,true,true
algo_22,0.364,0.500,true,true
algo_23,0.333,0.462,true,true
algo_24,0.429,0.455,true,true
algo_25,0.429,0.500,true,true
algo_26,0.750,0.588,true,true
algo_27,0.333,0.462,true,true
algo_28,0.333,0.462,true,true
algo_29,0.333,0.462,true,true
algo_30,0.364,0.500,true,true